{
    "Cut down the tree.": {
        "tool": {
            "axe": 5.12297003402663,
            "ax": 0.22264649957195842,
            "saw": 0.07281417566951662
        },
        "person": {
            "lumberjack": 2.2288681825736387,
            "axeman": 0.35511192921549806,
            "axe man": 0.009357145321779465,
            "engineer": 0.006146686640426449
        },
        "animal": {
            "axe": 0.15870332899749423,
            "elephant": 0.21469870956713383,
            "ox": 0.058091905207676695,
            "saw": 0.034158391650534005,
            "woodcutter": 0.016563320106457186,
            "lion": 0.014581655819252496,
            "wolf": 0.012811741549144544,
            "bull": 0.008868922242162259,
            "tractor": 0.005550969049231893
        }
    },
    "Put the King of the Jungle to sleep.": {
        "tool": {
            "banana": 1.1207649848435068,
            "hammer": 0.08341677985699258,
            "guitar": 0.006356178474585245,
            "tranquilizer": 0.004428347381970641
        },
        "person": {
            "lion tamer": 0.48138259038650244,
            "magician": 0.17416516476176863,
            "hunter": 0.02215099992874495,
            "witch doctor": 0.01570671445123997
        },
        "animal": {
            "lion": 3.8355809420278884,
            "mouse": 0.007729626938971613
        }
    },
    "Bake a cake.": {
        "tool": {
            "oven": 1.7279303900767782,
            "mixer": 0.06985808732948472,
            "bowl": 0.04770787174512031,
            "pan": 0.03785597208447198,
            "mixing bowl": 0.027487986931666184,
            "spatula": 0.01759222044725529,
            "": 1.9762882665355943
        },
        "person": {
            "an oven": 0.8904623916419572,
            "": 0.8904623916419572,
            "baker": 2.4845114359626836,
            "cook": 0.12308191298924896,
            "oven": 0.03223256103807522
        },
        "animal": {
            "egg": 0.7442561034562258,
            "chicken": 0.28870646552388146,
            "cow": 0.25928897153074315,
            "hen": 0.10569901468039095
        }
    },
    "Electrocute the water and kill the eel.": {
        "tool": {
            "battery": 2.4911695196265162,
            "generator": 0.010656163785940512,
            "": 0.8694537831191272
        },
        "person": {
            "electrician": 1.9006808887368523,
            "fisherman": 0.14385519732892627,
            "diver": 0.05967003266623983
        },
        "animal": {
            "cat": 0.31593841621718466,
            "fish": 0.09670159861147705,
            "electric eel": 0.1759147506882558,
            "chicken": 0.03735857980981305,
            "frog": 0.019684429017030127,
            "horse": 0.010831969744232195,
            "goldfish": 0.004245743658465052
        }
    }
}