{
    "Cut down the tree.": {
        "tool": {
            "axe": 0.9454711721723975,
            "ax": 0.04109058720472822,
            "saw": 0.013438240622874367
        },
        "person": {
            "lumberjack": 0.857427178164115,
            "axeman": 0.13660862575016805,
            "axe man": 0.00359961651014319,
            "engineer": 0.002364579575573797
        },
        "animal": {
            "axe": 0.3028522198198059,
            "elephant": 0.4097077307425663,
            "ox": 0.11085629114928276,
            "saw": 0.06518416974732699,
            "woodcutter": 0.031607643604664296,
            "lion": 0.02782605041371712,
            "wolf": 0.02444853798862232,
            "bull": 0.016924489268215027,
            "tractor": 0.010592867265799192
        }
    },
    "Put the King of the Jungle to sleep.": {
        "tool": {
            "banana": 0.9224659100045008,
            "hammer": 0.06865769075679166,
            "guitar": 0.005231567759522754,
            "tranquilizer": 0.0036448314791847174
        },
        "person": {
            "lion tamer": 0.6942295836143333,
            "magician": 0.2511736241138367,
            "hunter": 0.031945233924697655,
            "witch doctor": 0.022651558347132315
        },
        "animal": {
            "lion": 0.9979888102196619,
            "mouse": 0.0020111897803381145
        }
    },
    "Bake a cake.": {
        "tool": {
            "oven": 0.44252341735236295,
            "mixer": 0.01789067413379411,
            "bowl": 0.012217998225218322,
            "pan": 0.009694924188046624,
            "mixing bowl": 0.0070396805235872495,
            "spatula": 0.004505372181566649,
            "": 0.5061279333954241
        },
        "person": {
            "an oven": 0.20142786902613097,
            "": 0.20142786902613097,
            "baker": 0.5620112076762924,
            "cook": 0.02784185798500591,
            "oven": 0.0072911962864398525
        },
        "animal": {
            "egg": 0.5323908636771567,
            "chicken": 0.20652122813055146,
            "cow": 0.18547792736150964,
            "hen": 0.07560998083078209
        }
    },
    "Electrocute the water and kill the eel.": {
        "tool": {
            "battery": 0.7389388937813167,
            "generator": 0.0031608663392429202,
            "": 0.2579002398794404
        },
        "person": {
            "electrician": 0.9032769517285648,
            "fisherman": 0.06836554463381778,
            "diver": 0.02835750363761732
        },
        "animal": {
            "cat": 0.4782051431858628,
            "fish": 0.14636777117510896,
            "electric eel": 0.26626498780557933,
            "chicken": 0.0565460358416534,
            "frog": 0.029794398887376707,
            "horse": 0.01639529533807843,
            "goldfish": 0.00642636776634039
        }
    }
}